"Property Info","Full Name","Date Of Birth","E-mail Address","Mobile Number","Permanent Address","Emergency Contact Name","Emergency Contact Number","Company Name","Employment Title","Employment Address"
"9 St Margarets Road, CV31 2NR","Darlene W. Malcom","Dec 10, 1989",victor_fish@gmail.com,219-238-5624,"2681 Duffy Street, Suite 1815 Gary , IN, 46408 United States","John Malcom",219-884-5488,"Unity Stationers","Soil and Plant Scientist","2062 Duffy Street Gary, IN, 46402 United States"
"3 Templars Fields, CV4 8FR","David J. Rivera","Nov 20, 1995",ashtyn1982@hotmail.com,215-620-1431,"3022 Hiddenview Drive Philadelphia, PA, 19103 United States","Toni J. Hagen",727-687-4875,"Wells & Wade","Data Warehousing Specialist","1224 Badger Pond Lane Philadelphia, PA, 19103 United States"
"106 Prior Deram Walk, CV4 8FS","Daniel C. Ulrich","Mar 9, 1984",dolly2010@yahoo.com,404-988-3683,"181 Romrog Way Burwell, NE, 68823 United States","Wayne Quinn",770-465-3491,"Buena Vista Realty Service","Biochemical Engineer","375 Elk Creek Road Burwell, NE, 68823 United States"
"2 Thornley Close, CV31 1UL","John  Murphy ","Jan 1, 1968",john@example.com,206-549-6746,"4597 Horizon Circle Tacoma, WA, 98402 United States","Yukiko G Murphy",253-517-2736,"Home Quarters Warehouse","Nuclear Medicine Physician","3957 Heron Way Milwaukie, OR, 97222 United States"
"86 Kinross Road, CV32 7EN","Elena Laurette","Jul 7, 1985",elenalaurette@example.com,958-534-7485,"111 Pine Street, Suite 1815 San Francisco, CA, 94111 United States","Elena Laurette",308-346-9789,"Standard Brands Paint Company","HR Manager ","4116 Hummingbird Way Boston , MA, 02110 United States"
